<?xml version="1.0"?> 
<worldcup>
    <final>
        <location>Uruguay</location>
        <year>1930</year>
        <winner>Uruguay</winner>
        <winscore>4</winscore>
        <loser>Argentina</loser>
        <losscore>2</losscore>
    </final>
    <final>
        <location>Italy</location>
        <year>1934</year>
        <winner>Italy</winner>
        <winscore>2</winscore>
        <loser>Czechoslovakia</loser>
        <losscore>1</losscore>
    </final>
    <final>
        <location>France</location>
        <year>1938</year>
        <winner>Italy</winner>
        <winscore>4</winscore>
        <loser>Hungary</loser>
        <losscore>2</losscore>
    </final>
    <final>
        <location>Brazil</location>
        <year>1950</year>
        <winner>Uruguay</winner>
        <winscore>2</winscore>
        <loser>Brazil</loser>
        <losscore>1</losscore>
    </final>
    <final>
        <location>Switzerland</location>
        <year>1954</year>
        <winner>West Germany</winner>
        <winscore>3</winscore>
        <loser>Hungary</loser>
        <losscore>2</losscore>
    </final>
    <final>
        <location>Sweden</location>
        <year>1958</year>
        <winner>Brazil</winner>
        <winscore>5</winscore>
        <loser>Sweden</loser>
        <losscore>2</losscore>
    </final>
    <final>
        <location>Chile</location>
        <year>1962</year>
        <winner>Brazil</winner>
        <winscore>3</winscore>
        <loser>Czechoslovakia</loser>
        <losscore>1</losscore>
    </final>
    <final>
        <location>England</location>
        <year>1966</year>
        <winner>England</winner>
        <winscore>4</winscore>
        <loser>West Germany</loser>
        <losscore>2</losscore>
    </final>
    <final>
        <location>Mexico</location>
        <year>1970</year>
        <winner>Brazil</winner>
        <winscore>4</winscore>
        <loser>Italy</loser>
        <losscore>1</losscore>
    </final>
</worldcup>
